Feature,importance,std,pval,score_MAE,score_MSE,score_R2,score_R,dataset,_model,seed,step,add_special_tokens,zscore,take_activation_from,distance_metric,layer,min_max,conditional,Method
lexical_n_letters,0.0006131350181490723,2.0176547058977995e-06,0.0,0.09453070557055859,0.015375499014762397,0.11305818963924114,0.3362428254103845,svo_long_word_level_offset_simplif,mamba,0,,True,False,last-token,euclidean,1,True,False,Multivariate
grammatical_gender,0.00028657486015273777,1.7561826122236883e-06,0.0,0.09453070557055859,0.015375499014762397,0.11305818963924114,0.3362428254103845,svo_long_word_level_offset_simplif,mamba,0,,True,False,last-token,euclidean,1,True,False,Multivariate
grammatical_number,0.0015947044828258762,3.2671886069628725e-06,0.0,0.09453070557055859,0.015375499014762397,0.11305818963924114,0.3362428254103845,svo_long_word_level_offset_simplif,mamba,0,,True,False,last-token,euclidean,1,True,False,Multivariate
grammatical_pos,0.002050251793606763,4.911248238220551e-06,0.0,0.09453070557055859,0.015375499014762397,0.11305818963924114,0.3362428254103845,svo_long_word_level_offset_simplif,mamba,0,,True,False,last-token,euclidean,1,True,False,Multivariate
grammatical_tense,0.000634796494761243,2.280409397717801e-06,0.0,0.09453070557055859,0.015375499014762397,0.11305818963924114,0.3362428254103845,svo_long_word_level_offset_simplif,mamba,0,,True,False,last-token,euclidean,1,True,False,Multivariate
grammatical_person,1.1094052343213893e-05,2.5470924482507965e-07,0.0,0.09453070557055859,0.015375499014762397,0.11305818963924114,0.3362428254103845,svo_long_word_level_offset_simplif,mamba,0,,True,False,last-token,euclidean,1,True,False,Multivariate
sequential_posit_from_start,3.251072522363669e-06,1.6039362097941128e-07,1.1993072077193104e-91,0.09453070557055859,0.015375499014762397,0.11305818963924114,0.3362428254103845,svo_long_word_level_offset_simplif,mamba,0,,True,False,last-token,euclidean,1,True,False,Multivariate
sentential_question,0.0,0.0,1.0,0.09453070557055859,0.015375499014762397,0.11305818963924114,0.3362428254103845,svo_long_word_level_offset_simplif,mamba,0,,True,False,last-token,euclidean,1,True,False,Multivariate
