Feature,importance,std,pval,score_MAE,score_MSE,score_R2,score_R,dataset,_model,seed,step,add_special_tokens,zscore,take_activation_from,distance_metric,layer,min_max,conditional,Method
lexical_n_letters,0.0004114148411884934,1.5933399913335186e-06,0.0,0.0789968965319425,0.012201100504825656,0.08769398977126713,0.29613329468161054,svo_long_word_level_offset_simplif,mamba,0,,True,False,last-token,euclidean,21,True,False,Multivariate
grammatical_gender,-4.678830870792306e-24,6.407505627557378e-24,0.7673693795756172,0.0789968965319425,0.012201100504825656,0.08769398977126713,0.29613329468161054,svo_long_word_level_offset_simplif,mamba,0,,True,False,last-token,euclidean,21,True,False,Multivariate
grammatical_number,0.00011315784577706548,8.91071845130163e-07,0.0,0.0789968965319425,0.012201100504825656,0.08769398977126713,0.29613329468161054,svo_long_word_level_offset_simplif,mamba,0,,True,False,last-token,euclidean,21,True,False,Multivariate
grammatical_pos,-4.678830870792306e-24,6.407505627557378e-24,0.7673693795756172,0.0789968965319425,0.012201100504825656,0.08769398977126713,0.29613329468161054,svo_long_word_level_offset_simplif,mamba,0,,True,False,last-token,euclidean,21,True,False,Multivariate
grammatical_tense,0.00034785454929048715,1.6180709191798212e-06,0.0,0.0789968965319425,0.012201100504825656,0.08769398977126713,0.29613329468161054,svo_long_word_level_offset_simplif,mamba,0,,True,False,last-token,euclidean,21,True,False,Multivariate
grammatical_person,1.9820164921562064e-05,3.516281090414627e-07,0.0,0.0789968965319425,0.012201100504825656,0.08769398977126713,0.29613329468161054,svo_long_word_level_offset_simplif,mamba,0,,True,False,last-token,euclidean,21,True,False,Multivariate
sequential_posit_from_start,0.0015009101594596602,2.565792906995381e-06,0.0,0.0789968965319425,0.012201100504825656,0.08769398977126713,0.29613329468161054,svo_long_word_level_offset_simplif,mamba,0,,True,False,last-token,euclidean,21,True,False,Multivariate
sentential_question,0.00013096401229677974,8.423665793814717e-07,0.0,0.0789968965319425,0.012201100504825656,0.08769398977126713,0.29613329468161054,svo_long_word_level_offset_simplif,mamba,0,,True,False,last-token,euclidean,21,True,False,Multivariate
