Feature,importance,std,pval,score_MAE,score_MSE,score_R2,score_R,dataset,_model,seed,step,add_special_tokens,zscore,take_activation_from,distance_metric,layer,min_max,conditional,Method
lexical_n_letters,0.0006183351699389244,1.88284392511041e-06,0.0,0.08847887392000499,0.013240320999629861,0.3410620242070718,0.5840316905493859,svo_long_word_level_offset_simplif,gpt2,0,,True,False,last-token,euclidean,8,True,False,Multivariate
grammatical_gender,0.00010513060698212265,8.859450311218753e-07,0.0,0.08847887392000499,0.013240320999629861,0.3410620242070718,0.5840316905493859,svo_long_word_level_offset_simplif,gpt2,0,,True,False,last-token,euclidean,8,True,False,Multivariate
grammatical_number,0.0012969610421660546,2.5129871232959803e-06,0.0,0.08847887392000499,0.013240320999629861,0.3410620242070718,0.5840316905493859,svo_long_word_level_offset_simplif,gpt2,0,,True,False,last-token,euclidean,8,True,False,Multivariate
grammatical_pos,0.0068603247128226985,9.028917292280766e-06,0.0,0.08847887392000499,0.013240320999629861,0.3410620242070718,0.5840316905493859,svo_long_word_level_offset_simplif,gpt2,0,,True,False,last-token,euclidean,8,True,False,Multivariate
grammatical_tense,0.001189479970426767,3.593162776608759e-06,0.0,0.08847887392000499,0.013240320999629861,0.3410620242070718,0.5840316905493859,svo_long_word_level_offset_simplif,gpt2,0,,True,False,last-token,euclidean,8,True,False,Multivariate
grammatical_person,0.0001683974180408076,9.259088329949629e-07,0.0,0.08847887392000499,0.013240320999629861,0.3410620242070718,0.5840316905493859,svo_long_word_level_offset_simplif,gpt2,0,,True,False,last-token,euclidean,8,True,False,Multivariate
sequential_posit_from_start,0.00248506954523954,4.070776062988438e-06,0.0,0.08847887392000499,0.013240320999629861,0.3410620242070718,0.5840316905493859,svo_long_word_level_offset_simplif,gpt2,0,,True,False,last-token,euclidean,8,True,False,Multivariate
sentential_question,7.900557348220405e-05,6.736164015728152e-07,0.0,0.08847887392000499,0.013240320999629861,0.3410620242070718,0.5840316905493859,svo_long_word_level_offset_simplif,gpt2,0,,True,False,last-token,euclidean,8,True,False,Multivariate
