Feature,importance,std,pval,score_MAE,score_MSE,score_R2,score_R,dataset,_model,seed,step,add_special_tokens,zscore,take_activation_from,distance_metric,layer,min_max,conditional,Method
lexical_n_letters,0.0008397021018182977,2.2894908581482265e-06,0.0,0.09081080709644998,0.014059143736880067,0.360834271210493,0.6007077305417852,svo_long_word_level_offset_simplif,gpt2,0,,True,False,last-token,euclidean,6,True,False,Multivariate
grammatical_gender,0.00027053051363182967,1.597977316004855e-06,0.0,0.09081080709644998,0.014059143736880067,0.360834271210493,0.6007077305417852,svo_long_word_level_offset_simplif,gpt2,0,,True,False,last-token,euclidean,6,True,False,Multivariate
grammatical_number,0.0012215647175149692,2.600308077492529e-06,0.0,0.09081080709644998,0.014059143736880067,0.360834271210493,0.6007077305417852,svo_long_word_level_offset_simplif,gpt2,0,,True,False,last-token,euclidean,6,True,False,Multivariate
grammatical_pos,0.0069908609170733545,9.427317468112118e-06,0.0,0.09081080709644998,0.014059143736880067,0.360834271210493,0.6007077305417852,svo_long_word_level_offset_simplif,gpt2,0,,True,False,last-token,euclidean,6,True,False,Multivariate
grammatical_tense,0.0008237829345663489,2.93366224561362e-06,0.0,0.09081080709644998,0.014059143736880067,0.360834271210493,0.6007077305417852,svo_long_word_level_offset_simplif,gpt2,0,,True,False,last-token,euclidean,6,True,False,Multivariate
grammatical_person,7.317661532001577e-05,6.371463739861521e-07,0.0,0.09081080709644998,0.014059143736880067,0.360834271210493,0.6007077305417852,svo_long_word_level_offset_simplif,gpt2,0,,True,False,last-token,euclidean,6,True,False,Multivariate
sequential_posit_from_start,0.0034864593152640756,5.039079343880424e-06,0.0,0.09081080709644998,0.014059143736880067,0.360834271210493,0.6007077305417852,svo_long_word_level_offset_simplif,gpt2,0,,True,False,last-token,euclidean,6,True,False,Multivariate
sentential_question,0.00010768207098646783,8.129374810755784e-07,0.0,0.09081080709644998,0.014059143736880067,0.360834271210493,0.6007077305417852,svo_long_word_level_offset_simplif,gpt2,0,,True,False,last-token,euclidean,6,True,False,Multivariate
