Feature,importance,std,pval,score_MAE,score_MSE,score_R2,score_R,dataset,_model,seed,step,add_special_tokens,zscore,take_activation_from,distance_metric,layer,min_max,conditional,Method
lexical_n_letters,0.0002712200566992772,1.6505109067730292e-06,0.0,0.11325325859310503,0.021319794043810215,0.16436951324442917,0.40542789953477965,svo_long_word_level_simplif,bert-base-uncased,0,,True,False,last-token,euclidean,2,True,False,Multivariate
grammatical_gender,0.00035169817144909684,2.154116579371487e-06,0.0,0.11325325859310503,0.021319794043810215,0.16436951324442917,0.40542789953477965,svo_long_word_level_simplif,bert-base-uncased,0,,True,False,last-token,euclidean,2,True,False,Multivariate
grammatical_number,0.003242692043461213,5.1679294928051285e-06,0.0,0.11325325859310503,0.021319794043810215,0.16436951324442917,0.40542789953477965,svo_long_word_level_simplif,bert-base-uncased,0,,True,False,last-token,euclidean,2,True,False,Multivariate
grammatical_pos,0.005945873691197104,1.0700682853940452e-05,0.0,0.11325325859310503,0.021319794043810215,0.16436951324442917,0.40542789953477965,svo_long_word_level_simplif,bert-base-uncased,0,,True,False,last-token,euclidean,2,True,False,Multivariate
grammatical_tense,0.001478026823408055,4.20849426834911e-06,0.0,0.11325325859310503,0.021319794043810215,0.16436951324442917,0.40542789953477965,svo_long_word_level_simplif,bert-base-uncased,0,,True,False,last-token,euclidean,2,True,False,Multivariate
grammatical_person,9.557752914820358e-05,8.891699023718342e-07,0.0,0.11325325859310503,0.021319794043810215,0.16436951324442917,0.40542789953477965,svo_long_word_level_simplif,bert-base-uncased,0,,True,False,last-token,euclidean,2,True,False,Multivariate
sequential_posit_from_start,6.916656693306787e-05,8.704253199393428e-07,0.0,0.11325325859310503,0.021319794043810215,0.16436951324442917,0.40542789953477965,svo_long_word_level_simplif,bert-base-uncased,0,,True,False,last-token,euclidean,2,True,False,Multivariate
sentential_question,9.847091549062845e-05,9.592659660393022e-07,0.0,0.11325325859310503,0.021319794043810215,0.16436951324442917,0.40542789953477965,svo_long_word_level_simplif,bert-base-uncased,0,,True,False,last-token,euclidean,2,True,False,Multivariate
