Feature,importance,std,pval,score_MAE,score_MSE,score_R2,score_R,dataset,_model,seed,step,add_special_tokens,zscore,take_activation_from,distance_metric,layer,min_max,conditional,Method
lexical_n_letters,0.0005565242680616529,1.8398562999132395e-06,0.0,0.09125240276944505,0.014577745518307043,0.12088231088890183,0.3476924036220537,svo_long_word_level_offset_simplif,mamba,0,,True,False,last-token,euclidean,2,True,False,Multivariate
grammatical_gender,0.00030548219632405574,1.7852874205943965e-06,0.0,0.09125240276944505,0.014577745518307043,0.12088231088890183,0.3476924036220537,svo_long_word_level_offset_simplif,mamba,0,,True,False,last-token,euclidean,2,True,False,Multivariate
grammatical_number,0.0015218970572589243,3.140644913201397e-06,0.0,0.09125240276944505,0.014577745518307043,0.12088231088890183,0.3476924036220537,svo_long_word_level_offset_simplif,mamba,0,,True,False,last-token,euclidean,2,True,False,Multivariate
grammatical_pos,0.0023183589056832536,5.1382295588929185e-06,0.0,0.09125240276944505,0.014577745518307043,0.12088231088890183,0.3476924036220537,svo_long_word_level_offset_simplif,mamba,0,,True,False,last-token,euclidean,2,True,False,Multivariate
grammatical_tense,0.0006196785242902726,2.168669964210977e-06,0.0,0.09125240276944505,0.014577745518307043,0.12088231088890183,0.3476924036220537,svo_long_word_level_offset_simplif,mamba,0,,True,False,last-token,euclidean,2,True,False,Multivariate
grammatical_person,3.0926107039577975e-05,4.035171950846018e-07,0.0,0.09125240276944505,0.014577745518307043,0.12088231088890183,0.3476924036220537,svo_long_word_level_offset_simplif,mamba,0,,True,False,last-token,euclidean,2,True,False,Multivariate
sequential_posit_from_start,1.2579142238583356e-06,9.799896989625916e-08,5.153552901742074e-38,0.09125240276944505,0.014577745518307043,0.12088231088890183,0.3476924036220537,svo_long_word_level_offset_simplif,mamba,0,,True,False,last-token,euclidean,2,True,False,Multivariate
sentential_question,4.55429925065715e-24,2.6294253230677797e-24,0.0416322246000047,0.09125240276944505,0.014577745518307043,0.12088231088890183,0.3476924036220537,svo_long_word_level_offset_simplif,mamba,0,,True,False,last-token,euclidean,2,True,False,Multivariate
