Feature,importance,std,pval,score_MAE,score_MSE,score_R2,score_R,dataset,_model,seed,step,add_special_tokens,zscore,take_activation_from,distance_metric,layer,min_max,conditional,Method
lexical_n_letters,0.0007247755273500692,2.0106460739853255e-06,0.0,0.08561727996113097,0.012569550105782677,0.37944053874091355,0.6159985522771868,svo_long_word_level_offset_simplif,gpt2,0,,True,False,last-token,euclidean,7,True,False,Multivariate
grammatical_gender,0.00017646449895016955,1.1923367760746094e-06,0.0,0.08561727996113097,0.012569550105782677,0.37944053874091355,0.6159985522771868,svo_long_word_level_offset_simplif,gpt2,0,,True,False,last-token,euclidean,7,True,False,Multivariate
grammatical_number,0.0011764702796013948,2.3862394797316026e-06,0.0,0.08561727996113097,0.012569550105782677,0.37944053874091355,0.6159985522771868,svo_long_word_level_offset_simplif,gpt2,0,,True,False,last-token,euclidean,7,True,False,Multivariate
grammatical_pos,0.006874711293572322,8.868300617486281e-06,0.0,0.08561727996113097,0.012569550105782677,0.37944053874091355,0.6159985522771868,svo_long_word_level_offset_simplif,gpt2,0,,True,False,last-token,euclidean,7,True,False,Multivariate
grammatical_tense,0.0008807150076272675,2.923439723156799e-06,0.0,0.08561727996113097,0.012569550105782677,0.37944053874091355,0.6159985522771868,svo_long_word_level_offset_simplif,gpt2,0,,True,False,last-token,euclidean,7,True,False,Multivariate
grammatical_person,6.345781385124864e-05,5.581003761265537e-07,0.0,0.08561727996113097,0.012569550105782677,0.37944053874091355,0.6159985522771868,svo_long_word_level_offset_simplif,gpt2,0,,True,False,last-token,euclidean,7,True,False,Multivariate
sequential_posit_from_start,0.0033963973598192397,4.681201145708912e-06,0.0,0.08561727996113097,0.012569550105782677,0.37944053874091355,0.6159985522771868,svo_long_word_level_offset_simplif,gpt2,0,,True,False,last-token,euclidean,7,True,False,Multivariate
sentential_question,0.0001062211943177071,7.631542534521874e-07,0.0,0.08561727996113097,0.012569550105782677,0.37944053874091355,0.6159985522771868,svo_long_word_level_offset_simplif,gpt2,0,,True,False,last-token,euclidean,7,True,False,Multivariate
