Feature,importance,std,pval,score_MAE,score_MSE,score_R2,score_R,dataset,_model,seed,step,add_special_tokens,zscore,take_activation_from,distance_metric,layer,min_max,conditional,Method
lexical_n_letters,0.0008877570043749878,2.2251637308642817e-06,0.0,0.09033762688918684,0.013317277836506155,0.3214926473609257,0.5670057782056643,svo_long_word_level_offset_simplif,gpt2,0,,True,False,last-token,euclidean,11,True,False,Multivariate
grammatical_gender,0.0,0.0,1.0,0.09033762688918684,0.013317277836506155,0.3214926473609257,0.5670057782056643,svo_long_word_level_offset_simplif,gpt2,0,,True,False,last-token,euclidean,11,True,False,Multivariate
grammatical_number,0.000445778906043382,1.5037250994641565e-06,0.0,0.09033762688918684,0.013317277836506155,0.3214926473609257,0.5670057782056643,svo_long_word_level_offset_simplif,gpt2,0,,True,False,last-token,euclidean,11,True,False,Multivariate
grammatical_pos,0.006993503934867996,8.531694836935437e-06,0.0,0.09033762688918684,0.013317277836506155,0.3214926473609257,0.5670057782056643,svo_long_word_level_offset_simplif,gpt2,0,,True,False,last-token,euclidean,11,True,False,Multivariate
grammatical_tense,0.0009898685373880003,3.2082038543675037e-06,0.0,0.09033762688918684,0.013317277836506155,0.3214926473609257,0.5670057782056643,svo_long_word_level_offset_simplif,gpt2,0,,True,False,last-token,euclidean,11,True,False,Multivariate
grammatical_person,0.0002644653352375456,1.1793252237530125e-06,0.0,0.09033762688918684,0.013317277836506155,0.3214926473609257,0.5670057782056643,svo_long_word_level_offset_simplif,gpt2,0,,True,False,last-token,euclidean,11,True,False,Multivariate
sequential_posit_from_start,0.0014430524155021724,3.051331626793334e-06,0.0,0.09033762688918684,0.013317277836506155,0.3214926473609257,0.5670057782056643,svo_long_word_level_offset_simplif,gpt2,0,,True,False,last-token,euclidean,11,True,False,Multivariate
sentential_question,3.586176673996507e-05,4.5939528150172555e-07,0.0,0.09033762688918684,0.013317277836506155,0.3214926473609257,0.5670057782056643,svo_long_word_level_offset_simplif,gpt2,0,,True,False,last-token,euclidean,11,True,False,Multivariate
