Feature,importance,std,pval,score_MAE,score_MSE,score_R2,score_R,dataset,_model,seed,step,add_special_tokens,zscore,take_activation_from,distance_metric,layer,min_max,conditional,Method
lexical_n_letters,0.0013164351160094825,2.9926642242920925e-06,0.0,0.09494311203262681,0.015129911515408996,0.34808990352857455,0.5899893928399785,svo_long_word_level_offset_simplif,gpt2,0,,True,False,last-token,euclidean,4,True,False,Multivariate
grammatical_gender,0.00018553566979940346,1.3398243869234514e-06,0.0,0.09494311203262681,0.015129911515408996,0.34808990352857455,0.5899893928399785,svo_long_word_level_offset_simplif,gpt2,0,,True,False,last-token,euclidean,4,True,False,Multivariate
grammatical_number,0.0013890155088102927,2.9179378800580355e-06,0.0,0.09494311203262681,0.015129911515408996,0.34808990352857455,0.5899893928399785,svo_long_word_level_offset_simplif,gpt2,0,,True,False,last-token,euclidean,4,True,False,Multivariate
grammatical_pos,0.006380553830807089,9.413029970076216e-06,0.0,0.09494311203262681,0.015129911515408996,0.34808990352857455,0.5899893928399785,svo_long_word_level_offset_simplif,gpt2,0,,True,False,last-token,euclidean,4,True,False,Multivariate
grammatical_tense,0.0006711040790504416,2.8221431201525944e-06,0.0,0.09494311203262681,0.015129911515408996,0.34808990352857455,0.5899893928399785,svo_long_word_level_offset_simplif,gpt2,0,,True,False,last-token,euclidean,4,True,False,Multivariate
grammatical_person,1.8684582919391104e-05,3.259312368640469e-07,0.0,0.09494311203262681,0.015129911515408996,0.34808990352857455,0.5899893928399785,svo_long_word_level_offset_simplif,gpt2,0,,True,False,last-token,euclidean,4,True,False,Multivariate
sequential_posit_from_start,0.0036515155715458702,5.305712343798798e-06,0.0,0.09494311203262681,0.015129911515408996,0.34808990352857455,0.5899893928399785,svo_long_word_level_offset_simplif,gpt2,0,,True,False,last-token,euclidean,4,True,False,Multivariate
sentential_question,2.5504809512993136e-05,4.0893806999803525e-07,0.0,0.09494311203262681,0.015129911515408996,0.34808990352857455,0.5899893928399785,svo_long_word_level_offset_simplif,gpt2,0,,True,False,last-token,euclidean,4,True,False,Multivariate
