Feature,importance,std,pval,score_MAE,score_MSE,score_R2,score_R,dataset,_model,seed,step,add_special_tokens,zscore,take_activation_from,distance_metric,layer,min_max,conditional,Method
lexical_n_letters,0.0015403294591303106,3.7690901183667365e-06,0.0,0.10078755475523565,0.019386235537773,0.18041459820936617,0.424767508933118,svo_long_word_level_offset_simplif,mamba,0,,True,False,last-token,euclidean,15,True,False,Multivariate
grammatical_gender,-4.827082799524635e-24,3.2761726608554933e-24,0.9296771610514747,0.10078755475523565,0.019386235537773,0.18041459820936617,0.424767508933118,svo_long_word_level_offset_simplif,mamba,0,,True,False,last-token,euclidean,15,True,False,Multivariate
grammatical_number,0.00034032348039387243,1.7833471431703866e-06,0.0,0.10078755475523565,0.019386235537773,0.18041459820936617,0.424767508933118,svo_long_word_level_offset_simplif,mamba,0,,True,False,last-token,euclidean,15,True,False,Multivariate
grammatical_pos,0.0002825459020650988,1.7615293619867086e-06,0.0,0.10078755475523565,0.019386235537773,0.18041459820936617,0.424767508933118,svo_long_word_level_offset_simplif,mamba,0,,True,False,last-token,euclidean,15,True,False,Multivariate
grammatical_tense,0.001175648824085995,4.277587319750411e-06,0.0,0.10078755475523565,0.019386235537773,0.18041459820936617,0.424767508933118,svo_long_word_level_offset_simplif,mamba,0,,True,False,last-token,euclidean,15,True,False,Multivariate
grammatical_person,7.033881762807881e-05,7.692954598803395e-07,0.0,0.10078755475523565,0.019386235537773,0.18041459820936617,0.424767508933118,svo_long_word_level_offset_simplif,mamba,0,,True,False,last-token,euclidean,15,True,False,Multivariate
sequential_posit_from_start,0.004643240560426896,5.829872163434371e-06,0.0,0.10078755475523565,0.019386235537773,0.18041459820936617,0.424767508933118,svo_long_word_level_offset_simplif,mamba,0,,True,False,last-token,euclidean,15,True,False,Multivariate
sentential_question,0.00012264494275471722,1.0404322603197303e-06,0.0,0.10078755475523565,0.019386235537773,0.18041459820936617,0.424767508933118,svo_long_word_level_offset_simplif,mamba,0,,True,False,last-token,euclidean,15,True,False,Multivariate
