Feature,importance,std,pval,score_MAE,score_MSE,score_R2,score_R,dataset,_model,seed,step,add_special_tokens,zscore,take_activation_from,distance_metric,layer,min_max,conditional,Method
lexical_n_letters,0.0005741458168761432,2.120524774551925e-06,0.0,0.08693863867485627,0.01372223434518458,0.15521100507796937,0.39397221688568207,svo_long_word_level_offset_simplif,mamba,0,,True,False,last-token,euclidean,23,True,False,Multivariate
grammatical_gender,-3.75225631621525e-24,2.5284596199418276e-23,0.5589867970291791,0.08693863867485627,0.01372223434518458,0.15521100507796937,0.39397221688568207,svo_long_word_level_offset_simplif,mamba,0,,True,False,last-token,euclidean,23,True,False,Multivariate
grammatical_number,-3.75225631621525e-24,2.5284596199418276e-23,0.5589867970291791,0.08693863867485627,0.01372223434518458,0.15521100507796937,0.39397221688568207,svo_long_word_level_offset_simplif,mamba,0,,True,False,last-token,euclidean,23,True,False,Multivariate
grammatical_pos,3.5062786288722904e-05,4.032215043500535e-07,0.0,0.08693863867485627,0.01372223434518458,0.15521100507796937,0.39397221688568207,svo_long_word_level_offset_simplif,mamba,0,,True,False,last-token,euclidean,23,True,False,Multivariate
grammatical_tense,-3.75225631621525e-24,2.5284596199418276e-23,0.5589867970291791,0.08693863867485627,0.01372223434518458,0.15521100507796937,0.39397221688568207,svo_long_word_level_offset_simplif,mamba,0,,True,False,last-token,euclidean,23,True,False,Multivariate
grammatical_person,-3.75225631621525e-24,2.5284596199418276e-23,0.5589867970291791,0.08693863867485627,0.01372223434518458,0.15521100507796937,0.39397221688568207,svo_long_word_level_offset_simplif,mamba,0,,True,False,last-token,euclidean,23,True,False,Multivariate
sequential_posit_from_start,0.003496682754031107,5.213543292434926e-06,0.0,0.08693863867485627,0.01372223434518458,0.15521100507796937,0.39397221688568207,svo_long_word_level_offset_simplif,mamba,0,,True,False,last-token,euclidean,23,True,False,Multivariate
sentential_question,3.183976119656048e-05,4.4344836583664463e-07,0.0,0.08693863867485627,0.01372223434518458,0.15521100507796937,0.39397221688568207,svo_long_word_level_offset_simplif,mamba,0,,True,False,last-token,euclidean,23,True,False,Multivariate
